POI Label,X,Y,Z
Point 0,-5.779922,-1.105487,-0.1694755
Point 1,6.154439,-1.40785,-11.45328

