POI Label,X,Y,Z
Point 0,-11.68004,2.824284,5.032478
Point 1,9.358114,-4.872054,-7.335831

